Country,Code,Remittance_Percent_GDP_2000,Remittance_Percent_GDP_2001,Remittance_Percent_GDP_2002,Remittance_Percent_GDP_2003,Remittance_Percent_GDP_2004,Remittance_Percent_GDP_2005,Remittance_Percent_GDP_2006,Remittance_Percent_GDP_2007,Remittance_Percent_GDP_2008,Remittance_Percent_GDP_2009,Remittance_Percent_GDP_2010,Remittance_Percent_GDP_2011,Remittance_Percent_GDP_2012,Remittance_Percent_GDP_2013,Remittance_Percent_GDP_2014,Remittance_Percent_GDP_2015,Remittance_Percent_GDP_2016,Remittance_Percent_GDP_2017,Remittance_Percent_GDP_2018,Remittance_Percent_GDP_2019
Faroe Islands,FRO,4.05874085,3.401720238,3.148091218,2.970525863,2.915341785,4.646524171,4.487682827,4.767318894,5.614565117,6.116301594,6.308880892,6.359854343,0,0,0,0,0,0,0,0
Equatorial Guinea,GNQ,,,,,,0,0,0,0,0,0,0,0,0,0,0,0,0,0,0
Libya,LBY,0.023516988,0.02931686,0.034176534,0.030458061,0.030191133,0.031689595,0.029111056,0,0,0,0,0,0,0,0,0,0,0,0,0
Singapore,SGP,,,,,,0,0,0,0,0,0,0,0,0,0,0,0,0,0,0
Chad,TCD,,,,,,0,0,0,0,0,0,0,0,0,0,0,0,0,0,0
Turkmenistan,TKM,,,,,,,0.140123148,0.239257772,0.258412367,0.166614016,0.156311174,0.119042187,0.105504995,0.10204721,0.068927155,0.044693094,0.024882892,0.010546775,0.004906118,0.002210852
Angola,AGO,,,,,,0,0,0,0.092709835,0.000230927,0.021446474,0.000183157,0.031509531,0.026799391,0.021254994,0.009565679,0.003943727,0.001161277,0.001558162,0.003853256
Papua New Guinea,PNG,0.205220394,0.192289983,0.187439695,0.196003172,0.242583739,0.140704343,0.052807993,0.079856458,0.062981489,0.040746393,0.024572252,0.068389254,0.066935764,0.067168052,0.045126269,0.01815795,0.012978807,0.018741542,0.015225551,0.012082593
Kuwait,KWT,,,,,,0,0,0,0,0,0.004165776,0.003657769,0.001501616,0.002425608,0.002360871,0.029908966,0.003648814,0.019014394,0.020057829,0.018870034
Chile,CHL,0.017081737,0.016765304,0.01778114,0.015599498,0.011692323,0,0,0,0,0.030128316,0.028519091,0.028113705,0.02696519,0.025543156,0.023264115,0.024185158,0.025775066,0.024019287,0.023475637,0.024830485
United States,USA,0.042868239,0.042648612,0.041786987,0.040774137,0.038759661,0.036780949,0.036685795,0.036113002,0.036457941,0.039726117,0.03955429,0.039272756,0.038914596,0.039398626,0.037102409,0.036066957,0.033768869,0.032477136,0.032267829,0.031371854
Macao,MAC,,,0.632418855,0.578919731,0.501114453,0.437090676,0.372896087,0.294935941,0.245393086,0.224117055,0.16590094,0.131066512,0.108607497,0.094417097,0.067145291,0.087721705,0.061192347,0.050391035,0.041230012,0.039084891
Saudi Arabia,SAU,,,,,,0.028577834,0.028018032,0.029682014,0.041590616,0.049965288,0.044770299,0.03631097,0.033414186,0.035997371,0.036134577,0.04515482,0.047682574,0.042227777,0.042581738,0.042123998
Oman,OMN,0.199923593,0.200553684,0.193676095,0.180328324,0.15753576,0.125512238,0.104825705,0.092696571,0.064052892,0.080622077,0.068546129,0.057478425,0.050988313,0.049661249,0.048349471,0.057017768,0.059613297,0.055268638,0.048893728,0.05110825
Canada,CAN,0.074460178,0.082706871,0.083523121,0.075071018,0.080614655,0.079588271,0.082295229,0.080164982,0.083671656,0.08703789,0.074143671,0.068439567,0.068618655,0.072378451,0.074833437,0.081866248,0.08438019,0.076893949,0.0752426,0.075321563
Maldives,MDV,0.351869961,0.209510595,0.224316836,0.191251008,0.236389175,0.194028097,0.177755162,0.424653768,0.27581986,0.192329391,0.122062735,0.10804466,0.109051624,0.10029667,0.093851664,0.088662223,0.087362473,0.08449077,0.079585261,0.078493257
Japan,JPN,0.015824115,0.029035287,0.027383601,0.018245693,0.016065437,0.019030559,0.025979922,0.030650046,0.034386868,0.030480129,0.029551578,0.034620271,0.040939713,0.045849168,0.076981324,0.075751597,0.077814502,0.091291402,0.088186161,0.086650216
Turkey,TUR,1.662395483,1.380909116,0.805816476,0.2317284,0.196636613,0.270191101,0.329050218,0.307630287,0.316563245,0.282469965,0.234107764,0.224497331,0.213614943,0.198479192,0.185206362,0.161399178,0.136369967,0.122002859,0.144146084,0.106379041
Gabon,GAB,0.119098182,0.106782626,0.053351309,0.091975089,0.088187526,0.115082996,0,0.115688773,0.132641472,0.11430224,0.267376955,0.119669572,0.131542496,0.093926117,0.161872131,0.128331391,0.131618555,0.123634791,0.109463487,0.109384555
Argentina,ARG,0.030380901,0.070562818,0.211442421,0.214300875,0.189350127,0.217417891,0.232474118,0.210933765,0.195029381,0.188764794,0.152091368,0.131540527,0.105778682,0.096916675,0.096015201,0.083133102,0.070234441,0.074567446,0.097858794,0.118598077
Hong Kong,HKG,0.078953606,0.090225551,0.072455738,0.074165178,0.141843226,0.163441678,0.151926892,0.149749799,0.162052064,0.162484593,0.148518539,0.141496676,0.139670277,0.130664352,0.127787649,0.125006794,0.124515593,0.128031037,0.117385614,0.124304785
Australia,AUS,0.124832803,0.128640446,0.118009329,0.13967606,0.13465176,0.135621178,0.136027849,0.157291314,0.144784784,0.143850129,0.162674303,0.175368756,0.155567965,0.151593778,0.156192325,0.16088341,0.170149305,0.150612836,0.129907308,0.125464678
China,CHN,0.062581744,0.090264586,0.160012947,0.278586119,0.339644071,0.145980386,0.156950792,0.192463945,0.198866703,0.18051795,0.224013042,0.219405035,0.200013634,0.185886626,0.285523157,0.299276925,0.239318233,0.232940938,0.174925688,0.128111997
Ireland,IRL,0.252233423,0.223481201,0.247060725,0.205243766,0.21343457,0.242007304,0.232494027,0.218448564,0.230470174,0.243020992,0.296305861,0.31812262,0.308908683,0.30292811,0.280317912,0.207055978,0.192112366,0.176269259,0.161575704,0.147190302
United Kingdom,GBR,0.306017952,0.302418234,0.294091501,0.277366474,0.246193485,0.238675567,0.225634629,0.211945437,0.205211033,0.217335602,0.19952634,0.191700361,0.18286555,0.172621954,0.161003135,0.170602138,0.170139713,0.161837065,0.153633249,0.148890577
Norway,NOR,0.157929462,0.160353876,0.170124628,0.171154042,0.17578526,0.163581785,0.153027086,0.153808793,0.148181925,0.163512945,0.158591342,0.153525911,0.150445622,0.151399375,0.152474371,0.15783826,0.16093543,0.154564722,0.14744796,0.152067374
Brazil,BRA,0.205912189,0.259024993,0.394476177,0.409564466,0.420206786,0.314632464,0.296771617,0.236613774,0.214797278,0.17331285,0.139564554,0.122872909,0.112935455,0.109902437,0.107814144,0.160741696,0.152574833,0.130785576,0.153029231,0.171136632
Uruguay,URY,,2.89E-05,0.264969054,0.512661334,0.510700586,0.441980182,0.454224117,0.4121044,0.355368645,0.319235916,0.310022606,0.268618531,0.178685801,0.171817068,0.170925227,0.169438268,0.158016147,0.170286159,0.17663742,0.183357177
Spain,ESP,0.108673805,0.111536846,0.10566049,0.099429907,0.094770082,0.09843987,0.101763733,0.11388045,0.113238147,0.102623561,0.112334043,0.115924129,0.158052476,0.224081198,0.228594185,0.223693774,0.213638107,0.229492976,0.23603986,0.230214707
New Zealand,NZL,0.409135171,0.406141084,0.348986547,0.329079904,0.310160752,0.306865011,0.300060879,0.279652917,0.316501682,0.27274581,0.252872757,0.27055243,0.262068735,0.240556989,0.265807115,0.298620074,0.279487024,0.260928816,0.245190374,0.237657677
Cayman Islands,CYM,,,,,,,0,0,0,0,0,0,0,0,0,0,0.275132888,0.301650286,0.258143205,0.238361647
Israel,ISR,0.137447389,0.149248069,0.137219135,0.134453656,0.219335453,0.264193614,0.317077794,0.323732075,0.290470192,0.244338177,0.24423071,0.227803936,0.266318692,0.261297979,0.277054318,0.284250598,0.302369771,0.281057598,0.275741508,0.241225053
South Africa,ZAF,0.238089858,0.231751824,0.232211285,0.222987149,0.204784862,0.238030407,0.254724658,0.264632652,0.273283107,0.291296164,0.284953502,0.278186671,0.273642397,0.264606752,0.260299571,0.259823727,0.254906524,0.249993097,0.252259376,0.253266687
Portugal,PRT,0.218701444,0.281585891,0.230356847,0.232928861,0.203787842,0.196063283,0.211010341,0.253945143,0.244303362,0.245459479,0.217292174,0.220402203,0.213279264,0.197230085,0.190534907,0.185246906,0.205868445,0.22209825,0.22503996,0.257859761
Netherlands,NLD,0.102247643,0.111953828,0.102651295,0.193622014,0.197556024,0.183732839,0.211721143,0.192355974,0.173956064,0.197347737,0.203182744,0.197850062,0.195495327,0.184580035,0.166404809,0.30030008,0.275660203,0.267668087,0.271039385,0.264175552
Kazakhstan,KAZ,0.368863212,0.383878364,0.451556782,0.136856071,0.132966722,0.108574816,0.103192421,0.136377271,0.094101491,0.171887511,0.15235412,0.093293645,0.136051344,0.144275579,0.181279479,0.159592265,0.279844172,0.335972108,0.344618824,0.278573143
Botswana,BWA,0.320314533,0.326209844,0.350687968,0.363562942,0.878109958,1.187071363,1.024464413,0.842774188,0.42780169,0.148133164,0.174566998,0.132946294,0.125891089,0.241611445,0.283820928,0.208352171,0.157368941,0.223816405,0.237417709,0.29241575
Finland,FIN,0.376056802,0.379164069,0.341461348,0.307332765,0.338334086,0.338010891,0.329540822,0.314759601,0.337085049,0.342883396,0.358700921,0.274689785,0.333761844,0.358742297,0.330529143,0.369166928,0.357828854,0.356174229,0.304895648,0.29638556
Qatar,QAT,,,,,,0,0,0,0,0,0,0.341901627,0.429953243,0.289036591,0.24178802,0.270241148,0.249499759,0.413369146,0.254743003,0.327943803
Greece,GRC,1.685818087,1.479235613,1.079365248,0.775069835,0.516662846,0.492230853,0.564584681,0.779672597,0.758003831,0.612767092,0.504920426,0.419975744,0.281335255,0.337429202,0.312341586,0.260772858,0.216447367,0.200805761,0.230831287,0.32939088
Switzerland,CHE,0.355534968,0.409446189,0.395072988,0.422321257,0.418055456,0.409344441,0.404500272,0.363825987,0.388341688,0.419494744,0.41340404,0.362203357,0.349716256,0.341924878,0.327638781,0.358467178,0.362865381,0.367904661,0.346621993,0.329923685
Denmark,DNK,0.40601558,0.423943908,0.43936439,0.431265203,0.427808501,0.251861567,0.261684616,0.257715589,0.297628926,0.317227729,0.287416469,0.334266118,0.361377978,0.398958981,0.420127069,0.41571444,0.398259774,0.395774792,0.385469213,0.381553429
Iraq,IRQ,,,,,,1.423484257,0.59702045,0.003489535,0.053869472,0.136130478,0.127565825,0.120054053,0.124310511,0.309839415,0.319330125,0.602311715,0.592067986,0.570959789,0.349410508,0.386271645
Zambia,ZMB,,,,0.740538287,0.778000252,0.634551414,0.452148922,0.421855142,0.380746682,0.269200669,0.215426137,0.197262178,0.285706887,0.192530588,0.214805099,0.221382797,0.183527454,0.361929112,0.406533517,0.421555761
Korea,KOR,0.785087092,0.824638386,0.818626079,0.836068748,0.748283789,0.556251368,0.460446462,0.439607545,0.666269463,0.635579388,0.511657113,0.526817635,0.515406568,0.472382745,0.442863256,0.440989083,0.434874313,0.401896298,0.413086246,0.435169085
Malaysia,MYS,0.365038257,0.395656009,0.431352799,0.518185444,0.642783009,0.778193154,0.839305342,0.804057763,0.575819248,0.559124709,0.432491586,0.406607861,0.41145935,0.440294098,0.467227233,0.545443715,0.532411587,0.516728993,0.469893435,0.449206849
Germany,DEU,0.185446894,0.199734218,0.224963211,0.230292546,0.231936833,0.241192552,0.2501222,0.285496538,0.294198577,0.363318152,0.376545334,0.409600694,0.414958862,0.439240364,0.439642871,0.464153423,0.438285379,0.42706649,0.426260281,0.473205301
Namibia,NAM,0.233567949,0.237668244,0.225581537,0.239342752,0.220820438,0.24141395,0.205489003,0.177408722,0.15757717,0.855939177,0.6054175,0.628864173,0.614281763,0.532272388,0.649129347,0.411759629,0.620027026,0.374500767,0.392299069,0.483063152
Iran,IRN,0.489088099,0.537521057,0.661603354,0.76720304,0.543033757,0.455725438,0.387534441,0.318679232,0.270410426,0.257446604,0.242600971,0.229008329,0.222085497,0.288946295,0.307381523,0.345498087,0.318194315,0.298644699,0.451832789,0.515013819
Italy,ITA,0.156448255,0.16558886,0.178850244,0.192052908,0.204563988,0.220268007,0.209240065,0.207901946,0.306596607,0.321337905,0.373714459,0.380945961,0.439185483,0.440670129,0.467745755,0.523386892,0.507195639,0.497824872,0.473414524,0.521644281
Ethiopia,ETH,0.644944838,0.222488067,0.420171887,0.538866604,1.320109902,1.399221469,1.126594271,1.815735658,1.428667802,0.806482761,1.457028567,1.684799193,1.441584553,1.748295051,3.230184878,1.682919868,1.03939582,0.481075407,0.517774816,0.55367514
Cote d'Ivoire,CIV,1.110577449,1.035539728,0.968080632,0.923039986,0.959941119,0.955074856,0.936816263,0.907863931,0.821122944,1.297819935,1.500844039,1.562562599,1.370284503,1.23038314,1.094953643,0.734223988,0.713938342,0.59634834,0.572381204,0.56080225
Sweden,SWE,0.166569626,0.238529151,0.191912352,0.406000983,0.414370878,0.461861935,0.530636951,0.652506508,0.791084127,0.908961694,0.81905508,0.763758725,0.777125668,0.783122403,0.783781998,0.672470105,0.547037024,0.574660182,0.553421867,0.599473732
Trinidad and Tobago,TTO,0.467235978,0.463462771,0.878081666,0.76777063,0.654353914,0.578140201,0.49647889,0.505507442,0.339054962,0.570097319,0.410236536,0.636337315,0.538694527,0.532224757,0.524446093,0.621809612,0.648445573,0.603484618,0.585763485,0.617293258
Russia,RUS,0.192503071,0.321723202,0.270929071,0.258790698,0.37338201,0.449801446,0.385924046,0.359029722,0.34542448,0.417542541,0.344282239,0.298313388,0.262090344,0.294477155,0.377640905,0.506306262,0.523867341,0.52312306,0.560375807,0.618239895
Turks and Caicos Islands,TCA,,,,,,0,0,0,0,0,0,0,0,0,0.85200994,0.642521256,0.723229748,0.754827972,0.672122518,0.624839341
Austria,AUT,0.91693057,0.898966025,0.930429548,0.953834838,0.837804469,0.732181782,0.749161497,0.750112251,0.741308643,0.775086573,0.761302288,0.754036599,0.739619458,0.758368508,0.733015867,0.749993472,0.729981163,0.710447521,0.68321146,0.684221995
Tanzania,TZA,0.059808829,0.11230599,0.084853417,0.058459336,0.082744429,0.105257088,0.082471919,0.116562596,0.131775935,0.136950281,1.075419709,1.18175756,0.983943685,0.836090917,0.779517819,0.818446347,0.808717982,0.756378446,0.724356451,0.709061803
Iceland,ISL,0.396139525,0.477799889,0.695084296,0.428554683,0.440962308,0.390275541,0.4597043,0.50808755,0.664629221,0.714957823,0.985796488,0.99148735,1.04757961,1.285829704,1.217025178,1.235331733,0.998492057,0.752935267,0.652933568,0.731928517
World,WLD,0.374416401,0.407917715,0.452497957,0.495751422,0.505981132,0.539479942,0.575031606,0.608862052,0.637801576,0.645782453,0.64126427,0.648303176,0.666698415,0.688320138,0.717329066,0.754098694,0.729237155,0.738563246,0.74922131,0.762560645
Palau,PLW,,,,,,0.774458511,0.801624681,0.768986504,0.80926365,0.848177577,0.906439807,0.999066866,1.111243454,1.067277556,0.917885664,0.810722637,0.799867654,0.760648672,0.77603086,0.810966215
Mauritania,MRT,,,,,,0,0,0,0,0,0,0,0,0,0,0,0,1.142022445,0.856502051,0.848071064
Costa Rica,CRI,0.905678752,1.242120979,1.511847502,1.857827608,1.717013103,2.097469732,2.259053862,2.29840794,1.963423849,1.66882417,1.409209523,1.216529083,1.190605712,1.170565354,1.141803897,0.977976175,0.926850348,0.925980262,0.855862182,0.86531405
Panama,PAN,0.133288741,0.58470582,0.651054172,0.779904678,0.725352903,0.791479677,1.656407934,1.668389668,1.502630283,1.242779543,1.392648852,1.06151726,1.016332053,1.011844324,1.515181866,1.024554554,0.867792193,0.857448149,0.828417193,0.869699687
Cameroon,CMR,0.218616437,0.162147719,0.253192627,0.517192634,0.592073915,0.429046959,0.671331154,0.748209051,0.61346435,0.708626887,0.439335082,0.747366579,0.722981728,0.754476451,0.809778979,0.781498579,0.823900491,0.904905291,0.862028082,0.911496439
France,FRA,0.651096238,0.667960171,0.709323034,0.66459568,0.630635071,0.646824262,0.670028473,0.661836843,0.68824746,0.730994249,0.752977612,0.80178286,0.844554502,0.868431418,0.889091899,0.98707702,0.97286808,0.961260659,0.964606342,0.98830308
Indonesia,IDN,0.721241486,0.651928886,0.643419008,0.634107308,0.726653829,1.895843189,1.569616108,1.428528666,1.3315993,1.258924757,0.915919025,0.775387463,0.785753678,0.834434842,0.959926227,1.122044621,0.955775529,0.885128404,1.076048273,1.042488266
Algeria,DZA,1.441858968,1.223862191,1.885119805,2.578692814,2.88283791,0.164731474,0.161500749,0.073349142,0.060603211,0.109566221,0.121948122,0.101428296,0.102765859,0.099926791,1.147019478,1.203400047,1.242874372,1.053448704,1.131601367,1.043387242
Poland,POL,0.868659088,0.818729713,0.846427173,1.048537264,1.851748908,2.113708873,2.462408066,2.439931116,1.963047549,1.858836202,1.607221898,1.470373148,1.412370537,1.431241313,1.376647982,1.430269911,1.431139536,1.316786914,1.210740768,1.091024273
Slovenia,SVN,0.997061176,0.9494015,0.905495928,0.778478924,0.758104413,0.721143304,0.707669656,0.667010256,0.684471726,0.344380698,0.341491379,0.408316961,0.534745071,0.64890544,0.747693507,0.927140513,1.010310281,1.035763919,1.070294271,1.126940525
Guinea,GIN,0.03894205,0.308042677,0.514880583,3.222048329,1.145385216,1.415355269,0.699048945,0.239894899,0.883377614,0.774612762,0.674986751,0.950607163,0.868023137,1.110353202,1.383222853,1.484868119,0.606922411,0.432556271,0.23977336,1.170136391
Sierra Leone,SLE,1.122076748,0.569964409,1.740584842,1.868167862,1.706193268,0.147537917,0.828721981,1.944587315,0.901176463,1.462814551,1.715210753,1.998663771,1.69743328,1.415769119,1.244828316,1.141665016,1.274326846,1.292682228,1.519552165,1.285389079
Peru,PER,1.386930755,1.447643938,1.287721791,1.478775356,1.696473842,1.893315884,2.072910746,2.085538026,2.027069619,1.993576062,1.717568742,1.570176087,1.447167998,1.345713969,1.313087423,1.435714725,1.50283872,1.446035418,1.448841263,1.455730657
Antigua and Barbuda,ATG,2.098691287,2.957803174,1.748832334,1.91175944,1.913782633,1.789457639,1.669373642,1.58317581,1.593232221,1.681854642,1.758306491,1.783750822,1.738093436,1.788258822,2.566804883,2.337441865,1.858969167,1.636267572,1.538977853,1.486555959
Seychelles,SYC,0.513760492,0.287797344,0.28385135,0.68798048,0.811169846,1.316619308,1.305521635,0.461319691,0.326904368,1.902705239,1.791555434,2.370172361,1.666537886,0.969337386,1.122551525,1.33751703,1.548172009,1.420887864,1.432128988,1.495416364
Thailand,THA,1.342476024,1.041133978,1.027540344,1.05551828,0.938065835,0.626996141,0.601267516,0.621751959,0.651517095,1.351742703,1.299647422,1.417300085,1.422883107,1.566581085,1.6016408,1.468905448,1.516821337,1.472557147,1.473730511,1.499669833
Benin,BEN,2.439672214,2.265660584,1.814535045,1.035679642,1.019616373,2.237318325,2.781784043,2.947635053,2.123711151,1.298511882,1.46370289,1.610217905,1.864795595,1.987566799,2.293338515,1.88309227,1.875687165,1.54134891,1.394586885,1.507767335
Czech Republic,CZE,0.475454909,0.37821575,0.404721171,0.493269278,1.01983311,0.977456492,1.025985692,0.960673993,0.47903913,0.576604358,0.587872114,0.607377605,0.67468425,0.820974219,1.255386117,1.422530823,1.592884868,1.639863891,1.581035941,1.539746823
Burundi,BDI,,,,,0.004565273,0.006405991,0.000900832,0.014005975,0.226153089,1.58478021,1.697669016,2.033399846,1.990035088,1.983968525,2.079345778,1.644155807,1.056751739,1.063122645,1.591360951,1.604371685
Sudan,SDN,5.227854536,5.610264236,6.604590361,6.933951523,6.53828241,2.653348272,2.23555253,2.178068957,2.917157252,2.791180389,2.217657641,1.423715731,1.235082234,1.209615623,0.820583382,0.234867332,0.290529648,0.473010558,1.231698977,1.619565978
Solomon Islands,SLB,1.029474343,1.105926105,0.930868946,1.10095991,2.187184751,1.501866511,1.994110885,2.036813265,1.30751137,1.700471552,1.686190814,1.612350592,1.739979529,1.606615741,1.223108294,1.4221129,1.471307052,1.100499634,1.263751305,1.622333208
Lao PDR,LAO,0.038123888,0.039272165,0.041480687,0.037847067,0.033978111,0.030341151,0.122715817,0.146904741,0.326504052,0.644211901,0.586075196,1.260655772,1.991774856,1.427177008,1.417257653,1.314847102,1.198061353,1.440143109,1.336094356,1.625111148
Estonia,EST,0.071172893,0.176070363,0.259736739,0.518416267,1.374117538,1.805957626,2.305028068,1.698698385,1.708276748,1.722292413,1.813987018,1.874988335,1.986294883,2.234922954,2.031576437,1.983970436,2.005324008,1.878704992,1.863081542,1.725615111
Malta,MLT,0.429954401,0.316266205,0.474262363,0.473436801,5.234744295,3.461287622,3.080348071,2.893071942,2.909247214,2.988637896,2.540593904,2.356332379,2.114810862,2.33023451,2.174210787,2.473983569,2.145017673,2.031870038,1.860191145,1.72824526
Paraguay,PRY,1.713019998,1.647871819,1.37154565,1.423674014,1.371508249,1.502211848,2.501967684,1.908494837,1.473115373,1.687720207,1.504839811,1.601689109,1.904407895,1.612570462,1.254743079,1.528913042,1.820079186,1.80544981,1.697606848,1.756908394
Cyprus,CYP,0.450502585,0.748712291,0.180914059,0.218691709,0.44681972,0.568626066,0.520660626,0.593172047,3.406833649,2.287162047,3.348828123,2.686369875,2.406535827,1.803278773,1.395216098,1.501069083,1.868781394,1.980712354,2.059126327,1.757646551
Tuvalu,TUV,,32.21111155,42.34249346,27.85091147,22.57500175,22.58344133,15.99568772,20.73505585,19.68775969,17.81151719,12.31762163,11.83803887,10.18241904,4.444325365,3.719957101,2.914781696,2.517209188,2.477211668,2.247304166,1.907237647
Mozambique,MOZ,0.650581997,0.774594247,0.925749223,1.102236519,0.753736182,0.689433412,0.872109182,0.950983887,0.921807684,0.932691502,1.042601508,0.901639584,1.064824815,0.897891602,0.877535718,0.89573954,0.782212408,1.951245392,1.994293348,1.959053093
Slovak Republic,SVK,0.061007264,0.073159966,0.069423634,0.908489957,1.225805436,1.928642839,1.899972327,1.921843553,2.040783304,1.877999644,1.761574235,1.769412471,2.038608869,2.095817885,2.367477012,2.417087385,2.364428655,2.273233024,2.095858257,1.985365217
Malawi,MWI,0.042838165,0.043512072,0.024134849,0.433557655,0.52705749,0.616313902,0.369932542,0.47403159,0.313367013,0.269041619,0.312769266,0.316344682,0.469492505,0.618464572,0.636381556,0.651068454,0.718808107,0.892087592,1.859143665,2.001893394
St. Lucia,LCA,2.555202542,2.70373444,2.729079012,2.543461365,2.467152778,2.3832606,2.194772037,2.14101175,2.010390858,1.997139668,1.95012596,1.867130637,1.855871332,1.810825892,2.007260523,2.239982182,2.058059853,2.09896892,2.080644765,2.025183577
Barbados,BRB,3.699950972,4.254378785,4.025784645,4.066053902,3.788897417,2.472978762,2.071094794,2.966927343,2.114120184,2.563567115,1.807258194,3.162496322,3.304118057,4.083421702,4.018246801,4.200175924,3.221520134,2.175917844,2.129503397,2.079423887
Colombia,COL,1.611951294,2.093801283,2.531509345,3.250183682,2.724349479,2.297506452,2.412569077,2.163233562,1.993026963,1.774914359,1.406617339,1.224478557,1.083430487,1.164523393,1.093046077,1.594543094,1.737205667,1.778371195,1.903142112,2.090703384
Belarus,BLR,0.896465874,0.543917266,0.552272336,0.920472969,1.034377638,0.657451154,0.725761035,0.636741512,0.959951553,0.990288216,1.005373923,1.442085307,1.60325547,1.606689245,1.56228906,1.649994478,2.046407398,2.291025039,2.408411793,2.202775612
Bhutan,BTN,,,,,,0,0.255881078,0.251050072,0.289045887,0.394379644,0.534465586,0.588629017,1.018633644,0.672143174,0.749431689,0.981060364,1.590731821,1.761118433,2.376448329,2.238992574
Mauritius,MUS,3.795584308,0.013348517,0.013095242,0.009863475,0.011091766,0.009388472,0.010368773,0.00863292,0.006343173,0.007234903,0.008140601,0.004505783,0.007386794,0.004558085,2.554298144,1.912181766,1.586487755,1.887295898,1.724879898,2.267577994
Suriname,SUR,0.131902181,0.023972786,1.380793062,1.844308483,0.613169337,0.217465401,0.079957952,0.095347972,0.062270571,0.118697124,0.098434253,0.088049321,0.161797003,0.13591183,0.168564637,0.130807223,0.045020982,2.72614455,2.469285161,2.278343653
Belgium,BEL,1.695396556,1.662854928,1.763368087,1.820563634,1.780697771,1.785483513,1.781947234,1.91183976,2.033887764,2.304091664,2.285815994,2.244073368,2.251486156,2.241972364,2.274453324,2.264398913,2.267282551,2.280154712,2.289956126,2.279732352
Lithuania,LTU,0.433348954,0.64678835,0.766127084,0.611413597,2.552171765,2.855699832,3.294533653,3.610003579,3.274873514,3.316144681,4.506379964,4.491588794,3.510998682,4.427669715,4.354175992,3.314473122,2.975335385,2.734114365,2.582988927,2.386423448
Djibouti,DJI,2.229360804,2.086884379,2.530108096,3.965612065,3.714466737,3.647797743,3.70302609,3.377728229,3.03555941,3.094680047,2.89214171,2.611455713,2.457506994,1.947657515,1.710387343,1.6341338,1.545481221,1.501872252,1.986783007,2.390099754
Niger,NER,0.645055548,0.898109946,0.684906639,0.752456118,1.590751406,1.514750404,1.64364369,1.386295632,1.28953849,1.389061143,1.712141917,1.893914644,1.610647774,1.427028808,2.016767166,1.771564424,1.7032428,2.359714984,2.3093224,2.390561553
St. Kitts and Nevis,KNA,5.756300113,5.398363107,5.277021316,5.705921027,5.612021511,5.531072456,5.095280963,5.241611062,5.337787934,5.188537561,6.18717383,5.463080052,6.377878091,6.140980647,2.374391224,2.632818925,2.322318095,2.486432817,2.558049221,2.475069874
Rwanda,RWA,0.320491679,0.399402295,0.366962219,0.450071361,0.412994214,0,0,0,0,0,1.739385683,2.531630819,2.384252519,2.17768864,2.227717855,1.864375849,1.985123093,2.326705851,2.702324137,2.517486904
North Macedonia,MKD,2.144367507,1.979771655,2.65103874,3.509500583,3.748450146,3.620576738,3.884030269,4.137654159,4.102620528,4.052184654,4.121529022,4.136558253,4.045389936,3.476763932,3.225952196,3.044875072,2.723084331,2.780653981,2.716531822,2.527185458
Sao Tome and Principe,STP,,0.728981552,0.936149248,1.784248104,0.960006466,1.099301561,1.120639683,1.340964107,1.595564835,1.06484669,3.235787489,2.972636478,2.536647653,8.839236935,7.741891945,6.321525352,5.222885552,4.843286224,4.311938436,2.600322475
Azerbaijan,AZE,1.083523317,1.824283477,2.618998555,2.143222133,2.345268582,4.705181625,3.765974905,3.83576948,3.107983275,2.832699889,2.665497632,2.870406812,2.856009747,2.336926018,2.453905665,2.392800872,1.698415998,2.773413677,2.601811667,2.646993247
Eswatini,SWZ,3.26770874,3.417690015,3.081278198,2.968006762,2.988992959,3.002456577,2.906252995,2.741775876,2.721154386,2.610247868,1.232103005,1.317425097,1.811988177,1.633868364,2.166844171,2.357356544,2.579155326,3.279951832,2.695088708,2.654578129
Luxembourg,LUX,2.720746713,2.71072858,3.504219244,3.54213995,3.396656287,3.183105386,3.049762313,2.906953815,2.975198593,3.263108393,3.137566015,3.017467391,3.03098145,3.112406701,2.811718517,2.863129947,2.829536778,2.941537344,2.910559676,2.821142999
Madagascar,MDG,0.243453683,0.199901268,0.547930335,0.254712451,0.227191736,1.735249594,2.3493894,2.985337468,2.927626259,2.95024248,4.566149845,2.900107655,2.85427279,2.879644733,2.750454104,2.886548219,2.525228693,2.601463489,3.125380725,2.872595449
Hungary,HUN,0.769136575,0.677686606,0.656062186,0.547459021,0.608459984,0.647457089,0.742928471,0.697301002,0.829791994,1.20462616,1.402337114,1.626008408,2.450098,3.071831395,2.985751615,3.161207691,3.24683163,2.884496223,2.737490791,2.880887506
India,IND,2.750556194,2.940216906,3.055850966,3.455516813,2.64406915,2.696926601,3.013384131,3.05873849,4.168609649,3.666771239,3.191660935,3.428270092,3.765544552,3.768488566,3.451900122,3.275817292,2.7341999,2.601089164,2.916953361,2.903046824
Burkina Faso,BFA,2.268420247,1.564567968,1.621437226,1.13372742,0.814744365,0.921925929,1.038520217,1.107254653,1.055312012,1.019754124,1.191560133,1.829988329,1.671685976,2.294425846,2.842340671,3.253722397,3.096412695,2.954848789,2.837189421,2.922003511
Kenya,KEN,4.233647429,0.39207144,0.434625745,0.441780787,2.334908129,2.268082854,2.20889712,2.018941241,1.859059841,1.705685351,1.714385465,2.22661101,2.402201065,2.367237393,2.344811293,2.451666312,2.521569656,2.484980194,3.099122781,2.97183291
Ecuador,ECU,7.214742269,5.805702698,5.037043818,5.036333978,5.023116526,5.92669902,6.268548466,6.550643862,5.000811784,4.38651629,3.736630473,3.381318287,2.816307995,2.584686117,2.430491069,2.404619529,2.613707296,2.731717752,2.825420021,2.999485743
Mexico,MEX,1.062956814,1.340845582,1.428488146,2.283402864,2.539084255,2.591733014,2.721259146,2.553430045,2.346103221,2.452735852,2.087373049,1.986096318,1.932298949,1.819525111,1.88558627,2.238578114,2.660288002,2.784549546,2.926203749,3.075316894
Myanmar,MMR,2.192091277,2.716893089,1.381145349,0.93982351,1.31610903,1.224677012,0.790160838,0.318494654,0.171982095,0.129037689,0.222939873,0.234682146,0.515667031,2.825733369,3.030971623,3.207284539,3.6692223,3.653108055,3.891677153,3.197711008
Bolivia,BOL,1.510732576,1.661602526,1.428122334,1.956932357,2.399952434,3.529556061,5.265289553,8.043840312,6.805183849,6.101098489,4.886670552,4.352523439,4.100250144,3.91834763,3.566976427,3.608942543,3.672932808,3.753793546,3.445923814,3.256814193
Romania,ROU,0.257695575,0.287165499,0.310423487,0.214508727,0.174730341,0.96674083,0.951020858,0.930366598,0.794319907,0.391986791,0.38565877,0.378622553,0.429697985,2.518730791,2.542277922,3.033500732,3.151985152,3.096741006,2.892429901,3.260765656
Latvia,LVA,3.172322187,3.277201146,1.179232666,1.340513543,1.517622381,2.235076903,2.231352468,1.775485782,5.370894562,6.02896931,5.26761253,5.306458088,5.290755276,5.271401486,4.958544569,4.90376547,4.402292687,4.193542289,3.597028662,3.355149753
Bulgaria,BGR,0.439651079,5.825081455,7.175288162,8.12715425,6.586040666,5.399903323,4.992569872,3.813870738,3.524406249,3.059760464,2.645616721,2.584575324,2.681460011,2.997299435,2.960774926,2.951264503,3.095458317,3.71974468,3.636153345,3.416584718
South Asia,SAS,2.745624457,2.986108134,3.584326553,3.862071773,3.147400319,3.227649221,3.553851945,3.59189811,4.694544684,4.449872181,3.978929635,4.238017123,4.694403631,4.696329518,4.481098401,4.355695423,3.782092578,3.503756354,3.833477707,3.887659365
Grenada,GRD,4.659858796,4.671223505,4.581503571,4.277083054,8.030315151,3.858226837,4.070869007,3.772974114,3.492876688,3.585306832,3.693205257,3.717792673,3.662333128,3.518297842,4.498240238,4.348482524,4.245366014,4.199464793,4.146153155,3.999982682
Mongolia,MNG,0.096869391,2.104481552,4.918948687,4.974335776,10.16572389,7.012106212,4.545676462,4.203771132,3.994070817,4.35482571,3.703223223,2.398150562,2.63436474,2.043651376,2.08662757,2.220588888,2.323076096,2.392533285,3.360758921,4.007584972
Uganda,UGA,3.844510097,5.968231534,7.151015823,4.522331049,3.911240693,3.483069223,4.119207399,3.793904075,5.010393072,3.121903077,2.902186793,2.941158948,3.358988462,3.267145833,2.733436156,2.79755111,3.94121736,3.791703891,4.065508508,4.050347309
Congo,COD,,,,,,0.074386823,0.088569654,0.052577895,0.07428551,0.104566761,0.072800722,4.363432444,2.920379061,3.064155587,2.106462278,3.07657919,1.598178192,2.83091979,3.892064779,4.119617437
Afghanistan,AFG,,,,,,0,0,0,0.885729903,1.131073088,2.385172482,1.006030185,1.09699276,1.688459303,1.236852538,1.751257176,3.483846955,4.360010592,4.378073761,4.295098424
Belize,BLZ,2.988727792,3.270294213,2.900586096,3.268795935,3.200547667,4.053577586,5.271084946,5.750186822,5.660239452,5.965067803,5.673531064,5.156329541,4.986917792,4.710724343,4.81813281,4.922113361,5.402715354,4.854079944,4.828683599,4.883523061
Timor-Leste,TLS,,,,,,0,0.802634281,1.924275668,2.722541288,15.5937162,15.55134547,12.97930265,10.44275467,2.41126145,3.018002563,3.862624363,4.857275068,5.442533641,6.174834736,4.974646759
Fiji,FJI,2.580164534,4.69510155,5.422080654,5.376263134,6.375192278,6.821443946,6.650176301,5.42319175,4.163201807,5.958884606,5.592441934,4.253685314,4.798772786,4.858308149,4.549503959,5.364070239,5.458383709,5.122590429,5.114346181,5.214254505
Tunisia,TUN,3.706718442,4.201699754,4.624950831,4.554159912,4.590155932,4.315286422,4.392546254,4.409091618,4.4068692,4.520749307,4.683884576,4.3756197,5.029986567,4.952344159,4.926523886,4.566167487,4.356917129,4.749255949,4.783163402,5.229304083
Nigeria,NGA,2.004105089,1.57585959,1.267440586,1.013059819,1.666398935,8.311897229,7.171477543,6.535831662,5.696721358,6.293950957,5.462551756,5.09064163,4.509948563,4.088335305,3.841227786,4.237039299,4.867895142,5.86486331,6.120746434,5.313143492
Zimbabwe,ZWE,,,,,,0,0,0,0,12.47344021,11.7363322,13.61145122,12.34939062,9.901364479,9.766197006,10.25180305,9.032381167,9.097312572,4.599054871,5.443555717
Cambodia,KHM,2.807857402,2.831324934,2.87112937,2.752108298,2.761420096,2.601283954,2.525226245,2.150653176,1.815297135,1.367194054,4.958570873,4.75971606,6.08379232,6.588698435,6.604495082,6.56772097,5.991030513,5.804680831,5.825000736,5.628097596
St. Vincent and the Grenadines,VCT,4.86863381,4.523602415,4.42303282,4.296305578,4.109109293,4.070508484,4.183310195,4.217372835,3.850362153,4.305262664,4.265207714,4.32407888,4.489476781,4.379836796,5.995136128,5.532158442,5.797443773,5.767582671,5.764936722,5.671138768
IDA only,IDX,3.419336802,3.6181935,4.291605531,4.627191973,4.831878094,4.539383426,4.675681158,4.693526682,5.089935949,4.86111122,4.93504187,5.368915017,5.913890891,5.647839612,5.639268518,5.845017789,5.364367279,5.141710533,5.570920938,5.678941705
Curacao,CUW,,,,,,,,,,,,4.940550595,4.342456334,4.227194722,4.537151793,4.517079052,4.753533229,5.138802059,4.966154292,5.680152022
Morocco,MAR,5.561284712,8.263950462,6.811950935,6.941288574,7.078849128,7.361251708,7.941878637,8.515134338,7.452699274,6.748437452,6.889900968,7.158209471,6.622722999,6.441992132,7.075405774,6.823044804,6.178851979,6.220671423,5.859137163,5.816674622
Mali,MLI,2.470515919,2.542060978,3.522247047,3.262549812,2.850318654,2.83610433,3.06753319,4.216544927,4.380699571,4.434539222,4.422660113,6.033868163,6.650554003,6.754737628,6.406327171,6.231334965,5.893897768,5.748236316,5.987242964,5.914160046
Ghana,GHA,0.650143314,0.863779827,0.705768245,0.852943243,0.927460668,0.923104459,0.514915116,0.472710025,0.439715523,0.439401123,0.421936854,5.426498015,5.222789281,2.96704822,3.882307062,10.48959378,5.467824178,6.009681807,5.3900561,6.02920708
Bangladesh,BGD,3.686596776,3.897946271,5.222669239,5.305388203,5.504373149,6.21301842,7.557205064,8.242884912,9.757161286,10.26627609,9.412125648,9.383758248,10.58794022,9.245224563,8.669052862,7.840701094,6.130693205,5.407025411,5.680302234,6.069425316
Vietnam,VNM,4.298658141,3.365437698,5.047897201,5.309397113,5.084985887,5.465594415,5.725334765,7.98300828,6.864702032,5.678459954,7.124881684,6.345016691,6.417661325,6.424407136,6.444522095,6.727347036,6.820080409,6.703015906,6.524921279,6.490500612
Croatia,HRV,3.776979866,4.024636889,4.076397819,3.810211183,3.740440033,4.130902014,3.819975544,3.710148111,3.567065026,3.624319535,3.816947678,4.036014208,3.684464583,3.736116724,4.540930181,5.08995071,5.8573687,6.183094182,6.204344573,6.637705958
Togo,TGO,2.294690722,4.620938746,6.047504871,7.027344926,7.92113519,8.440872061,9.88163511,10.69721306,10.1822085,9.938693589,9.824454836,6.312628739,8.900417121,9.197216252,9.352188277,8.700154164,6.087355233,6.31087286,6.338607726,7.035110747
Guyana,GUY,3.830676269,3.131285496,7.023521853,13.36358507,19.42196081,24.4021998,9.163556411,10.19769938,9.053846822,8.278390336,10.71408942,11.16654125,11.54929878,7.8735188,7.986553121,7.074411474,6.004732702,6.788727516,6.969885733,7.351683026
Pakistan,PAK,1.310691998,1.83809644,4.447782554,4.319939566,3.66092388,3.565024023,3.730765328,3.936064446,4.138693831,5.183976289,5.469457999,5.741443195,6.242434251,6.326914044,7.056775775,7.13567269,7.112388353,6.519413952,6.737185882,7.997932412
Sri Lanka,LKA,7.06814459,7.427481182,7.83761501,7.538860732,7.616590559,8.094537876,7.66189597,7.750481443,7.183065977,7.932018063,7.26853335,7.892162243,8.766865067,8.641517997,8.866735552,8.6840907,8.812815516,8.224835316,8.007615077,8.03650502
Vanuatu,VUT,4.965441384,7.145585385,1.56023458,1.270504802,1.350701232,1.290657359,1.135637272,1.073442882,1.507686209,1.939184502,1.754641969,2.826175824,2.946692667,3.126729693,8.460651344,14.34021693,10.32497212,2.952998752,3.837582742,8.061274594
Serbia,SRB,,,,,,0,0,8.719293837,6.792881052,10.29579994,9.845764724,8.041250813,8.188677709,8.316680561,7.853503391,8.499190544,7.877030019,8.125183437,8.778731805,8.232976279
Dominican Republic,DOM,7.565298152,7.740872432,8.085856472,10.86474683,11.20489069,7.600292557,8.061801712,7.72652688,7.492329919,7.0754805,7.216834999,7.307803231,7.023717916,7.155943135,7.160473587,7.301640918,7.276164533,7.722445414,7.968756794,8.343255633
Dominica,DMA,4.054999611,4.21588373,4.339111635,4.312361102,5.455103688,5.97721685,5.656612064,5.335540691,4.951305866,4.526619462,4.635094088,4.56466199,4.783760431,4.726331351,9.706638051,10.34295788,7.641697233,8.531773982,8.924150682,8.558657634
Egypt,EGY,2.856612173,3.011233343,3.397808129,3.687827545,4.240410468,5.599623584,4.961085478,5.869309613,5.339698492,3.779917098,5.686771175,6.069884254,6.891885114,6.182729252,6.404022911,5.56383109,5.592077951,10.49379043,10.2180103,8.836387591
Philippines,PHL,8.275341631,11.09969609,11.54704388,11.76367241,12.07132119,12.78399052,12.13924118,10.53814222,10.41435059,11.33214895,10.34542667,9.842852087,9.395858162,9.410561298,9.644508784,9.724186977,9.773809748,9.988335308,9.747654208,9.332616596
Albania,ALB,17.1764078,17.82973648,16.87116289,15.83800774,16.15481662,16.01704173,15.28165496,13.74895381,14.4828063,14.26159215,13.30245478,12.04023559,11.52428634,10.03308017,10.74230409,11.33644445,11.01076686,10.07567833,9.627042179,9.634654078
Jordan,JOR,21.8090004,22.40868525,22.28009134,21.58887389,20.04529708,19.23058889,18.55580895,19.44045644,15.49215555,14.12188757,13.3521924,12.47773015,12.16489072,15.50690384,17.28663681,13.86038661,10.96607703,10.70292937,10.41637961,9.862944162
Ukraine,UKR,1.340297407,2.183170287,2.814533978,3.040879311,2.889553507,2.798115645,2.88161627,3.710208089,3.77161664,5.072860572,4.80468228,4.794076821,4.806538693,5.273576063,5.508473472,9.308920889,10.14610807,10.81376379,11.22520351,10.25664334
Kiribati,KIR,,,,,,0,11.78413899,10.5076569,10.19019811,10.60834443,10.02427031,9.372678639,9.273653633,9.320781891,9.115591111,8.209572095,9.137589086,9.589867984,10.15470178,10.31362945
Guinea-Bissau,GNB,2.161462816,2.554145784,4.220032062,4.843619532,5.205977061,3.389752505,4.308099362,6.17442988,5.69720486,5.884695355,5.399628542,4.738064795,4.613010371,6.097739379,8.760859403,8.104408768,4.786346352,7.790056237,8.505979707,10.50161209
Montenegro,MNE,,,,,,0,0,5.336605692,6.557975815,7.288794609,10.04015809,11.21368309,12.41523881,12.21010921,11.82741247,11.5849077,10.98561701,10.76872348,10.69425768,10.54212175
Senegal,SEN,3.8709654,4.663035966,4.918356194,5.812183836,6.256850326,7.129081294,7.888487803,8.520639036,8.793674143,8.397407764,9.174933,9.071517421,8.924956219,9.397581393,9.757033627,9.889043821,10.4020427,10.23458556,10.50120444,10.82203095
Armenia,ARM,9.529371319,9.876949218,11.10491554,11.96482723,22.01856943,18.67639576,18.31281893,17.86140781,16.32704918,16.64916469,18.02684075,17.73422351,18.03301895,19.71137504,17.90444031,14.13274122,13.10746416,13.3477448,11.94432078,11.17519079
Bosnia and Herzegovina,BIH,28.71385217,26.09181729,22.48843021,20.76608709,19.37676295,18.15682427,16.7042815,17.0255092,14.21912254,12.07592165,10.60911711,10.50286512,10.71417846,10.7708945,11.35413688,11.1100596,10.91443862,11.15519645,11.21151322,11.19273925
Liberia,LBR,,,,,6.515816734,3.35668658,7.043337112,4.513996948,3.367452583,1.420639385,14.72632443,21.8099461,20.09637484,13.45770164,16.28499579,20.598819,17.69855238,12.28066958,14.09083125,11.27640614
Cabo Verde,CPV,16.64625843,14.37844852,13.69165074,13.32306566,12.27150963,14.06335605,12.32731384,9.167749572,8.66445351,7.922591413,7.865710956,9.479261812,10.1601047,9.506683782,10.5910007,12.58163087,12.71040272,12.23605867,11.87058423,11.90141641
Georgia,GEO,6.735292023,6.791101833,6.6651077,6.224905058,6.996382151,6.95706861,8.099636451,8.680582295,8.323680586,10.32447865,9.669908195,10.24180332,10.73551615,11.31667019,11.26949869,9.754889222,10.04364998,11.04447662,11.5586541,12.92085829
Marshall Islands,MHL,,,,,,17.38679037,18.36777323,16.9481084,15.1843399,15.74855722,13.84909617,12.86106297,12.87811721,13.28466878,14.31928646,14.87372251,14.06376971,14.28211418,14.19297311,13.133619
Nicaragua,NIC,6.265505895,6.306420382,7.206827109,8.244315943,8.951667579,9.740030237,10.31291875,9.963132968,9.649289995,9.282199199,9.416988084,9.346911248,9.64959423,9.845233912,9.597292432,9.387219124,9.544573359,10.11685126,11.5529823,13.3722208
Guatemala,GTM,3.090908509,3.44333936,7.827117655,9.95052324,11.14420029,11.44956783,12.43966584,12.61980642,11.49403331,10.77994156,10.38606325,9.670274475,10.01185236,10.00768644,9.941580632,10.42337023,11.14649327,11.71444212,12.89148624,13.83484713
Lebanon,LBN,,,13.2854,23.61708337,26.42477096,22.90660806,23.62215088,23.23743305,24.65953737,21.35092515,17.9847876,17.22524954,15.14952045,16.13024213,14.93896599,14.97979715,14.85345464,13.28898861,12.69614302,14.25211702
Comoros,COM,,,,5.859081438,7.685739236,8.267359293,9.04848692,9.306018277,11.06584643,11.09057499,9.609485759,10.57329122,10.84847341,0,13.9021543,13.65030671,11.52660334,12.2139852,14.64707023,14.46845216
Uzbekistan,UZB,,,,,,,,,,,7.364028073,8.687856858,9.570569217,9.338787141,8.890343155,5.917328003,7.086245278,12.05232983,15.1006547,14.80395793
Gambia,GMB,,,,11.10175142,6.315494586,5.77055147,6.049967274,4.349639289,4.149896036,5.502995013,7.496898291,6.480762341,7.515829275,7.984043828,11.20582548,9.865487835,13.96821042,15.16245136,12.18691254,15.08580414
Kosovo,XKX,,,,,17.48527208,19.15289975,20.05468258,19.75756665,18.40067149,18.67971,17.24982718,14.8227604,14.5483313,14.96013377,14.85723614,15.07727898,14.67142762,15.34809958,15.55752097,15.70434077
Moldova,MDA,13.78267223,16.35809546,19.41187105,24.43425632,26.99394284,30.62159239,34.49928498,33.883113,31.18194565,24.86201645,25.13032208,21.54780469,22.80861533,23.07689545,21.82830842,19.88475061,18.17782986,16.9380626,16.0398321,15.95520114
Jamaica,JAM,9.746737544,11.38262227,12.77495329,14.62954687,15.73710936,15.66746151,16.12495913,16.57936325,15.73073346,15.58929457,15.32799142,14.57706478,14.64256069,15.22614044,16.32309996,16.64137384,17.28638122,16.62961192,15.90266164,16.18709848
West Bank and Gaza,PSE,20.0252263,20.124946,21.70468298,7.81446493,8.65847783,7.381181865,8.676706952,10.29185521,10.13247381,9.340389921,9.576402279,10.20653343,14.22831454,11.01946522,12.89907893,13.00715774,13.54444659,14.75026933,17.41096291,16.69780607
Samoa,WSM,16.72739888,16.47818328,15.62072158,13.28065774,0.213594403,17.52753353,17.21632055,16.94212553,17.60296149,20.43579779,20.88552609,21.64134317,20.48380575,20.88835649,18.30363162,16.53574455,16.20445185,16.28804231,17.93842546,17.22193954
Bermuda,BMU,,,,,,0,19.24625651,21.42955833,19.925213,20.22336166,19.0129001,18.61791495,18.66949558,18.94421005,20.82452773,21.72037969,20.95597074,21.08497167,20.02616992,20.67351466
Lesotho,LSO,53.82617808,48.595663,50.10166758,48.09545369,41.49946404,35.62594972,34.10158781,37.93964942,32.59274412,31.47492492,27.30192153,25.17369506,22.38196746,19.55626071,16.09937641,15.71467053,21.45033774,23.83386985,21.62921353,20.92890495
El Salvador,SLV,14.9699688,15.66696304,15.41827747,16.0171947,18.67420993,20.6055226,21.76702955,21.80287039,20.87492613,19.32969806,18.81966487,17.96483422,18.30179127,18.03685125,18.41408089,18.23780572,18.85618201,20.00205589,20.72084003,21.04781885
Honduras,HND,6.602495336,7.978402755,10.19820527,10.51456016,13.18145238,18.5014712,21.60268244,21.14384094,20.32419598,16.98262054,16.52787351,15.86980545,15.7614147,16.7475021,17.05522393,17.47493759,17.79080208,18.68394806,19.84622674,21.52838034
Haiti,HTI,8.41502542,9.79715638,11.06393666,16.21922755,15.51170166,13.9880907,14.34605803,13.11820966,13.18784848,12.20557853,12.6381158,11.92556254,11.76113547,12.28435263,13.36667728,14.77756722,17.18725705,19.14926533,19.68135639,23.21300652
Nepal,NPL,2.029360644,2.446875396,11.21301963,12.18032388,11.30898998,14.90510198,16.06896468,16.79181348,21.73810397,23.20762544,21.64698527,19.50305507,22.08212082,25.19470031,25.90512496,27.62609167,26.96057769,23.91354411,25.04819787,24.13110675
Kyrgyz Republic,KGZ,0.163812064,0.297284121,1.886670737,3.664798619,8.096524523,12.7324666,16.69173342,18.51393602,23.79927471,20.93712085,26.41011628,27.56951448,30.75444629,31.05643552,30.03211424,25.27189147,29.27610457,32.27053226,32.50556889,27.17283055
Tajikistan,TJK,,,6.433663244,9.388816276,12.13776268,24.40729247,34.48028716,40.69620782,44.12621671,31.44377063,35.81070638,41.73810656,42.21576817,43.76805432,37.1362266,27.30648249,26.70614235,29.68482633,28.11766226,27.97186875
Somalia,SOM,,,,,,,,,,,,,,0,0,0,0,0,31.39346781,31.90809794
Tonga,TON,,29.15789902,34.03422959,28.96642166,28.37384708,26.34157166,26.69225017,27.40280493,30.04467605,26.22518726,20.18044696,20.34559868,19.38516467,27.22326604,27.11907751,29.582672,30.0169976,34.45043139,37.49423774,37.1555203
